,Time stamps (secs),Mean of events,1,2,1,2,1,2
Time of event onsets (secs),,,66250.72934,66324.05978,66236.496576,66260.412288,2158.880832,2177.496768
Time to baseline (between -0.1 and 0.1) after event,,,2.066579999998794,2.999874999994063,0.14167799999995623,0.14167799999995623,0.14166400000021895,0.241664000000128
Pre-event AUC,,,-1.2885014957147263,-0.6937371574505968,-0.7018391113306277,-0.9978467890043834,-0.4824709186062007,-1.086491354565613
Post-event AUC,,,0.28130307400663046,4.578621749983178,-5.238161811502161,-1.5359901693338691,-4.33982248194336,-1.6485038854550003
Max values,,,4.638599015329663,3.3108821087992553,2.712918241965517,2.4166072670973917,2.003309213144582,2.1916819069006523
Time of max values,,,4.866479999996955,2.066579999998794,4.9414879999967525,-2.1249120000065886,-2.89153599999986,3.67488000000003
Max value above 1?,,,Yes,Yes,Yes,Yes,Yes,Yes
Filename,,,Example folder 1,Example folder 1,Example folder 2,Example folder 2,Example folder 3,Example folder 3
Custom name,,,Event,Event,Event,Event,Event,Event
Animal ID,,,WT,WT,HET,HET,WT,WT
,-4.994239333336736,0.5352255430260561,1.839155578047785,-0.21251041451090724,0.12490409092656884,0.8798535049724758,-0.44140037207923977,1.021350870799653
,-4.96091166666929,-0.055243608605067496,0.5060598126040632,2.1219656737905286,0.47666208737978166,-2.170601493422676,0.03540671251854109,-1.3009544445006436
,-4.927574000000884,0.5181103715556165,1.5742809698816511,0.5468162912159373,0.17538972776136533,0.6839482786836794,1.2594734596779384,-1.1312464978868726
,-4.894244333334579,0.4098010198936662,0.1704132706716575,1.2306255766593077,1.8392646524257545,-0.3527922035638974,0.42006200179274755,-0.8487671786235724
,-4.860911666667865,0.0485130449191426,0.0805233516581046,0.8649074900845672,1.0124782374145005,-0.3809394153951398,-0.731834014601031,-0.5540573796461459
,-4.827574000004309,0.5703209576886145,1.3880094376917245,1.088563231459416,-0.00859274091584629,-0.24423918659054006,0.594527038748696,0.6036579657382364
,-4.794249666671324,0.23172315093789697,-0.7953848509088417,0.6001535980495957,1.2245948587139832,0.5964168312292495,-0.5097870437284171,0.27434551227181236
,-4.76091166666644,0.19862246403226727,1.457848475497424,0.6448270705247272,0.642316264180504,-0.664561717527403,-0.25823958655252066,-0.6304557219291278
,-4.727589000000687,0.6145515354389955,2.4005568005022706,0.17352236163364795,1.74493185135055,1.2614101378422857,-1.8218355337945864,-0.07127640490019424
,-4.694254666669167,0.2765491805436922,0.4321324818720133,-0.08207755069085805,1.8750706083240047,-0.7052414835388333,-0.45573877864332973,0.5951498059391565
,-4.660917000003185,0.2530780017503153,2.165238024266909,-0.19840107118330366,0.9147651892607913,0.4094422894769196,-0.18531204396703208,-1.5872643773523927
,-4.627589000004112,0.38591882052999105,2.252257370353999,-0.6691604410221692,1.0340072501667146,0.4195168949786786,-0.3265852401389222,-0.39452291115835436
,-4.594254666667742,-0.9489586073813981,0.21871782097577722,-0.7001388368161958,-0.4700033421426704,-1.7816330507360398,-0.563820134026839,-2.3968741015424215
,-4.560923666668259,0.31624811143005765,2.235558238971718,1.057695115942535,-1.2768866768025553,0.5837434522111501,0.3190442234197488,-1.0216656851622508
,-4.527589000002611,0.37440280158319555,0.5733411119409625,0.888209307630643,1.1659558267519303,-0.3433448956489024,-1.5883178376694187,1.5505732964939585
,-4.494254666668667,-0.31775805047137456,-1.1549445269629974,-0.1428613301813846,0.8229648224376502,-0.2562999209433251,-1.2454422583405786,0.07003491116238837
,-4.460923666669108,0.33337917341536216,0.06372721965122163,0.7467018465198519,1.373645348474903,-0.06981641763573841,-0.5614053073662262,0.44742235084816084
,-4.427589000003536,-0.14675225235141195,1.2658838592681492,0.8419603852061401,-0.015333062569820675,-1.8697277496749134,-0.45135747368768153,-0.6519394726503456
,-4.394254666667166,0.3424746381077419,1.838859100409831,0.42570625666364736,1.0044905417672056,-1.4203061285143266,-0.041516141720893046,0.24761420004098691
,-4.36093866666791,0.3384143320470874,0.9051778050308953,1.2843056602425087,-0.27377060080415544,-0.9616401500905436,-0.76280710648247,1.8392203843862895
,-4.327589000002111,0.16423207255555672,0.5266763135456447,0.3582055046240735,1.015756635433645,-0.22805029757575815,-0.04585642861366606,-0.6413392920805987
,-4.294265000003179,-0.1547228731043543,-0.6925907399550179,0.14414695907745187,0.41269898386066733,-0.3744749422086326,-0.7047635297449772,0.28664603034438263
,-4.2609440000022305,0.003300371702653848,-0.062569647114077,-0.12425991412645046,0.005309628301480491,-0.8148909246518248,-0.010913868360403823,1.0271269561671987
,-4.227599666667326,-0.5652615287905499,-1.2956743317435384,0.9529278848779892,-1.6547046343501357,0.007190516381402678,-0.572783327990319,-0.8285252799186981
,-4.194265000001754,-0.0917887862372384,-0.9270736208543534,-0.42330171754827006,0.9777393065174034,-0.06217415194489514,0.979661025955948,-1.0955835595492633
,-4.160944000003231,0.29815084237747363,0.507616569097381,-0.18159566563203192,1.2796577805497111,0.36801174723705005,-0.5332588787335476,0.3484735017462792
,-4.1275996666707515,0.1726376322743912,-1.268409447796216,1.2074459753084836,0.14770582650539116,0.36043350371492616,0.11510454344259047,0.4735453924711717
,-4.094271666669253,-0.2892590499663539,-1.2808455638552052,1.707933069489975,-0.35904668152440294,-1.1860126511873579,-0.2798528226719291,-0.3377296500492033
,-4.060944000001807,-0.4137331810553812,-0.4287800577845643,-0.18235887848503926,0.022333049011309922,0.7703211283175124,-1.3774224600953364,-1.2864918672961694
,-4.027599666669327,-0.5003684754779704,-0.7625733655856981,0.4599700003420526,0.3762520824112821,-1.0487427327813201,-1.1821420169071466,-0.844974820346992
,-3.994283333335943,0.0014235658530265722,0.21141589028463106,1.0218256922728015,0.5778088953068585,-0.28639941402027774,0.03843395980785841,-1.5545436285337124
,-3.9609493333361265,0.21260135715107317,0.11374286368082219,0.5016733583939845,-0.02268698123547154,-0.5807172289908912,1.2564872304514467,0.007108900606548301
,-3.927599666670176,0.47130938078887086,0.021642640488546395,1.0297780247752708,0.9356734364321762,-0.4041949397690745,1.0912893446306575,0.15366777817564858
,-3.8942886666678382,0.7847237251121427,0.9391076581187346,1.2229033497479689,0.8796255202796932,-0.44225673758004475,0.5580708548485391,1.550891705257965
,-3.8609493333345504,0.3978819744101078,1.5628752936357915,-0.1808419978158638,0.7973812843313524,-1.5766965529288615,0.4965213328870936,1.2880524863511345
,-3.8276146666689783,0.011508767386835947,0.19350306724730978,0.032888393652962034,1.1785794889577759,-1.7628389740213974,-0.43383225384923885,0.8607528823336044
,-3.7942886666687627,-0.2558555370071094,-0.15079012706622388,-0.10799030259055328,0.5622017246938292,-0.520564870943155,-0.28735407955256026,-1.0306355665839932
,-3.760949333335551,0.11982921948130454,1.0654461795481638,1.107927860367262,-0.24551042720658361,-0.17851849818506357,-2.2509938231291144,1.2206240254931633
,-3.7276146666699788,0.15799237633714477,-0.8914894674207499,-0.7619329483037781,1.4976272247051337,0.01735016329028325,0.5588945280205115,0.5275047577314683
,-3.694288666667338,-0.055088848704678284,-0.5906028371845602,-0.037225683621545894,1.1372132459810775,-0.7939443093139522,0.6292583464616716,-0.6752318545507605
,-3.6609543333358183,-0.006919672485984722,-0.39012350280049995,-0.06064732648170197,-0.5869329962933583,0.9076678733262165,1.4067753071466391,-1.3182573898132037
,-3.627614666668554,-0.38769737371168306,0.9525945991554653,-1.3687627234991386,-1.4478185810347415,-0.8035790941059944,0.4331132120399261,-0.0917316548256152
,-3.5942886666707636,-0.13384456814036863,-0.5870254083099792,-0.36902727066940316,0.21054557730008946,-0.2745563071742156,-0.27824649439801435,0.4952424944093111
,-3.560964333335354,0.3418682649057585,0.45307021506790457,-0.11777543804970467,1.3530176612438805,0.3307756798355739,0.4724522520355518,-0.44033078069865494
,-3.5276200000004487,0.5414874735466206,0.3538296825635957,0.29633990323958304,0.9622843210350792,0.7131900422330714,-0.3347764474930346,1.258057339701429
,-3.4942940000026588,0.26455950701503084,-0.9013902480168153,0.40701872804010597,1.1765326385026242,1.3111294141101544,-0.6478734266332584,0.2419399360873741
,-3.4609693333356213,0.47486643100856946,0.5011094223060304,1.8022881808763365,0.3779255433217786,0.5464287097195047,0.3001907891998799,-0.678744059372113
,-3.427625333334769,-0.2687100624633163,-0.7007236334458858,0.6157358754378301,0.8266903026662803,-2.0059031163628016,-0.5977277685750466,0.24966796549972584
,-3.394299000002851,0.6593563111718156,0.8267066632811413,1.5548608657363596,0.012818093399012557,0.09479876650489781,1.0717201166509618,0.3952333614585206
,-3.3609746666674405,0.27135993619875326,1.6839112872559299,-0.36277290018378766,0.6526992125895485,-0.04104375670574232,-0.29217306437842855,-0.012461161385000353
,-3.327625333335618,0.5741211116192624,0.7702808730847366,0.7891779624615348,-0.44520708441939244,-0.15866004431529457,1.2609612400428598,1.22817372286113
,-3.294304000003043,0.8586532681851825,0.7788989718196734,-0.48707600059497863,2.1410407761047665,-0.5395637707309541,1.7971401157650748,1.4614795167475132
,-3.2609746666683654,0.7437352260360625,2.3003484384355932,0.7834172200312789,1.162806618864785,-0.480922048664802,0.18201860951649323,0.5147425180330267
,-3.2276253333366185,0.9771584552116761,0.24625442794453167,1.422718103981303,1.0924745909968876,2.0515678010235945,0.15100449956785647,0.8989313077558833
,-3.1943210000031286,0.8211052507111388,-0.05724908575070958,1.4886158627830466,0.9250129558859186,0.7017886045844827,0.2697480818156316,1.5987150849484637
,-3.16098000000026,0.42972964124250956,-0.03814564894050181,0.54589377384238,0.1363267232644659,0.2134602365855837,1.0378124821070769,0.6830302805960525
,-3.1276303333368864,-0.3422319868926054,-0.6759498493717542,1.1794162129826637,-1.00558726860175,-2.496710476211879,0.8042537679147111,0.1411856919323754
,-3.094321000001704,0.9890194582883393,1.224726902422957,1.7226238554964843,0.07926011847555295,0.5453725713024346,1.456215839948977,0.9059174620836297
,-3.060980000003686,0.5943700649936604,1.115073277851568,2.0168702886480916,1.2103067550530469,-0.2664211784844736,0.24595711485652866,-0.7555658679627988
,-3.0276536666669926,0.1715993828364929,-0.08334138947922225,0.6745006929890409,0.6455288120727636,-1.0779378442914493,0.9177665287527932,-0.04692050302496863
,-2.9943210000002787,0.032968372234577964,0.14873664276434218,1.1575413849615523,-1.018349289215031,1.2690075760482755,-1.091092008639487,-0.2680340725121842
,-2.960980000002261,-0.15969133077569397,-0.39978604655762867,0.8660625039304738,0.4151687446094769,-1.1655460944148177,-2.062602216195683,1.3885551239740153
,-2.9276586666696858,0.17300650478838417,0.021759122086470174,-0.23213747406111515,-0.3883041868709771,0.09681504598585323,1.5265948331753618,0.013311688414711866
,-2.894321000003629,-0.21737394459560258,-1.1046571599118538,-0.12705163395551733,-1.5137821908837483,-0.4992936508659639,2.003309213144582,-0.06276824510111428
,-2.8609983333355253,-0.6037245426119551,-1.1873601824129947,0.4450147071727076,-2.4336762051860923,-0.1576678802001222,-0.11616856049351311,-0.1724891345517158
,-2.827658666668109,-0.6102392547902432,-1.2262171186017565,-0.5720473225519273,-2.0939552534045696,-0.7547175473656864,0.13276348597241913,0.8527382272100612
,-2.794326333335524,-0.4930407273987714,-0.4865919104221934,-0.6621823368901594,-1.8204959851742393,0.6144940032544964,-0.7582662355462084,0.1547981003856754
,-2.7609983333363743,0.4772855915229279,0.44445211633302334,1.1453141647061706,-1.6228723425719864,0.975451493251911,1.706939623948628,0.2144284934698204
,-2.7276640000024295,-0.057020700799094194,0.35787283570881245,-0.3849197038839568,-2.2364584695308225,0.30038999532088956,-0.3704241330064437,1.9914152705969557
,-2.6943263333364484,0.016980350487085055,0.5534003323756502,0.0633252289701875,-0.929289046708647,0.407419595812317,-0.9633077025850453,0.9703336950580478
,-2.661008666669962,-0.381825563830358,-0.6465081474282596,0.369752249015182,-2.049016076925064,-1.234789156520798,1.693450733838434,-0.42384298496164197
,-2.6276693333343246,0.35123504221303764,-0.6909664406747456,0.701458178457545,-0.3032651369941201,-0.8933828618496895,1.1357771699086858,2.15778934443055
,-2.5943363333359835,0.35668218144806424,-0.38225739979487094,0.3858039867502856,-0.9063521293459073,0.25142601311027535,1.7582129123547148,1.033259705613888
,-2.561008666668537,0.021459215546125066,0.16848869472359543,1.182391405040771,-0.9230858218399381,-0.7163292963273873,1.7403685605622004,-1.3230782488824908
,-2.527669333335325,0.3971818781957568,-0.5737664979328476,0.6747236444246943,0.006986265835495099,0.02662467118315499,0.6362657306269638,1.61225745503708
,-2.494336333336984,-0.3750368594296849,0.905858458943302,0.2646844071611564,-1.2964485159494337,-1.3417483445933331,-1.2780930461305984,0.49552588399079744
,-2.4610086666671123,-0.5284805543113837,-1.3959191020252095,0.7543018572359391,-0.9864836647123246,-1.244449526246879,-1.0677949143957726,0.7694620242759442
,-2.4276693333363255,-0.05344629717413244,-0.9767656810189427,0.7458991544602316,-0.32097983185927137,-1.5971996745148513,0.8422600872479369,0.986108162640102
,-2.3943466666705717,0.04702309285272847,-1.5909546723856443,0.2056353821406466,0.4491387167407871,-0.9232198999345584,1.6291369036921028,0.512402126863037
,-2.361008666670538,0.0902108716015142,-0.5723221946924947,-0.8957181825032304,0.10864881366029709,-0.3944659821782567,0.8785977232346782,1.4165250520880919
,-2.3276793333358605,0.25729909748512286,-0.025327708217594835,1.3965289090006663,0.15119191458911632,-0.8331537011326344,0.31872058518187113,0.5358345854893127
,-2.294351666665913,-0.02020205206553492,0.4520528762727141,0.643199909578454,-0.8162220468097446,1.28810888737278,-0.860925198045986,-0.8274267407614267
,-2.261014000002357,0.12005283929270845,-0.24240369759518568,0.35010849027275354,-1.321753345001397,0.868281067922699,-0.08104509726301046,1.1471296174203913
,-2.227684333335977,-0.00043642394325827766,-0.06031655476481072,-0.02893326112307946,-1.1422514885953325,2.4043115351079196,-0.8408514288511723,-0.3345773454330742
,-2.194351666669263,0.42887484413277316,1.918536308561001,-0.21324877082904847,-0.4582869896432274,0.5178224824948063,0.2644717360533449,0.5439542981597623
,-2.161014000003282,0.44355189780038645,0.0662873097305566,-0.9607519932117079,-0.13915840012870626,1.380332214427045,1.3692645164663853,0.9453377395187459
,-2.1276893333362445,-0.3028888530275733,-1.5784865175633493,-1.5405381703699093,-1.1606626339454946,2.4166072670973917,0.2188411056493718,-0.1730941690334503
,-2.0943516666678383,-0.44935031879124243,-0.4744793782281597,-0.9434962173871977,-1.5586932035016785,1.0567982447744257,-0.9717298435471333,0.19549848514228857
,-2.061024000000392,0.09075176017344438,-0.07293995101066941,-1.1578216609780172,-1.1876207439376485,1.7902472724514267,0.6007214182417951,0.5719242262737794
,-2.0276946666681397,-0.055838848967561416,0.4399985848776423,-0.7805534544322952,-0.9877897202631516,2.2398033521332263,-0.10854259348801447,-1.137949262632776
,-1.994351666671264,-0.12513642588761906,-0.049805014653883414,-2.222236211848486,0.32814152583508754,2.0146179250603575,-0.44431357774346886,-0.37722320197532094
,-1.961024000001392,0.14690920881779806,-0.9962460099568194,-1.23277505513133,0.7192985916596633,1.6827312231446208,0.8707621596163901,-0.16231565642573628
,-1.9276946666667147,-0.4515064718289881,-0.3215414880482285,0.021666427759728445,-0.8862361900670882,-0.0869416634013017,-1.2808315110305795,-0.15515440618645945
,-1.8943636666696573,0.057265858127813186,0.4480344777439085,-2.1439423832339237,0.25479547186396223,1.6529773779787362,-0.5795216108280512,0.7112518152422471
,-1.861041000001478,-0.09398108186682484,-0.5673951115916833,-1.8752322124871394,-1.3276438541225337,1.27119031316813,1.3682661025359284,0.5669282712963492
,-1.8276946666701406,-0.7427174640693606,-1.378090178594662,-2.511006110039136,-1.0418201267392926,0.3713018405088738,0.6519795318584338,-0.54866974141038
,-1.7943636666682323,0.33243613033027664,0.1668489428149602,-1.1993235485492888,-0.5212429266359299,0.4197857402206815,1.566629985863026,1.5619185882682107
,-1.7610409999999774,0.3084406774756289,0.7883232787378097,-0.6341454204089582,0.6677471067408356,0.781607373929177,-0.30343704337450156,0.5505487692294109
,-1.7277000000020355,0.21012486812160847,0.296004728908194,-1.8595327965384656,-0.16692315515195671,1.2015202347862526,1.5652500849118898,0.22443011181373682
,-1.6943736666700413,-0.3893861965460467,0.1383934450948068,-1.6540362582879582,-1.1686261576768489,-0.07884951370865653,1.911394513640634,-1.4845932083382576
,-1.6610410000034033,0.12962892828726194,0.855006919577731,0.0283102083570242,-0.317253536308412,1.4170324398321452,-0.6957228059398012,-0.5095996557951157
,-1.6277000000028845,-0.7526207752469526,-1.251566728588954,-1.3346402860896633,-0.031481321913750235,1.0061444363100582,-1.3853765716270399,-1.5188041795723661
,-1.5943789999995108,-0.36461664583707204,1.0916963056258984,-1.461138352152845,-0.4491232513658154,-0.14905910712869502,0.5240963589582656,-1.7441718289592405
,-1.5610410000019026,-0.04881535765059505,0.35182120700881553,-0.9400488782288193,-0.006252177766081318,-0.09014212563676609,-0.19501687496793962,0.5867467036872206
,-1.5277000000014596,-0.33586840529110806,0.25360966689833564,-1.1617098253728904,-0.4555163476304262,0.593811643529262,-1.2334411485909336,-0.011964420579996169
,-1.4943790000029367,-0.6542446802493701,-0.9883784595318896,-1.9781888103763237,1.1636596080212536,-1.0380389812049136,-1.4113711127034878,0.32684967429914114
,-1.461046333336223,0.1050577510243264,0.334926626958141,-0.5901275672631382,-0.2836569537216441,0.9960122228231,-0.006213431443578641,0.17940560879307846
,-1.4277233333364165,-0.6000983049944688,-0.7469614673962635,-1.2206485701163023,-0.42517399861390753,0.9578352090416046,-2.1168100472570117,-0.04883095562493262
,-1.3943790000015117,-0.5234109899591821,-1.7131865534217583,-0.7251780955857381,1.5017039222687618,-0.7728203043248455,-0.5646696504823744,-0.8663152582091377
,-1.3610513333340652,-0.6017740179400963,-0.6835325757572571,-1.164452520958553,0.7344031751291058,-0.2644625069885905,-1.9558855869754024,-0.27671409208988057
,-1.3277233333349916,-0.6318482557573802,-1.5815574716944536,-0.622028480430722,1.5565579771225617,0.6849532232990707,-1.5752256093578743,-2.2537891734828643
,-1.2943790000025122,-0.8545398991811348,-1.2827826975931955,-0.2452477324833456,-0.757671037184008,-0.1666689771553543,-1.2882979120627684,-1.3865710386081374
,-1.2610513333350657,-0.5336017037392957,-0.38863405977906884,-1.1159916193289023,-1.0673409913424494,0.8990252287158724,-0.5478085378424953,-0.9808602428587313
,-1.2277233333335669,-1.0753053120856129,-1.5810204056069723,-0.31984880485027645,-0.5279245667322849,-1.0095351655167935,-0.37123263139319135,-2.6422702984141586
,-1.1943843333368325,-1.0444829091340095,-1.0127704189421594,-0.52380937235793,-1.2125320034747633,-0.8035534852384812,-0.8232913531685109,-1.890940821622213
,-1.161066333336218,-0.32690967445066726,-0.37774069500416835,-1.3106579926792665,-0.23373657753380123,-0.7345088559556116,-0.27224368637905305,0.9674297608478971
,-1.1277286666702366,-0.5985498992439027,-1.4511723120028046,-1.014325172097732,-0.11494359107660196,0.3408585240753893,0.09710513195928042,-1.4488219763209467
,-1.0943843333328307,-0.722247429011324,-0.503200219014307,-1.6003599532802177,0.9291986710782854,-0.4220416559199238,-1.576234691789601,-1.1608467251421792
,-1.0610663333347172,-0.7017606398717867,-2.092143562998307,-0.9613834448325767,-0.22465051640003453,-0.7443804868720975,0.48995162859197167,-0.6779574567196756
,-1.027728666668736,-0.4341279020587702,-1.5272517061145598,-0.07265159530138245,-0.5398335981890975,-0.22527870010394724,1.3126615398106922,-1.5524133524543267
,-0.9943893333355239,-0.5493391285747259,0.1340514627009899,0.7232706586229521,0.3876493659160041,-1.3994829678847818,-1.2124358268149331,-1.9290874639885869
,-0.9610716666690374,-0.8285493921945292,-2.288676744861697,-0.12258372893672503,0.5119039670155838,-1.0569994676915062,-0.408924325050636,-1.606016053642195
,-0.9277340000030563,-0.9250497379629149,-0.6674729868512078,-1.44351116446837,-0.44161597065256325,-0.5680438260394445,-0.7725894673296448,-1.6570650124362587
,-0.8944046666683789,-1.071003420577498,-0.22627276687234635,-1.7399300976185117,-0.5693241424334275,-1.5844860337075353,-1.0923381868965045,-1.2136692959366637
,-0.8610716666676126,-0.8182939826404088,-0.12533424166038482,-0.8230295703740258,-1.8036049386867468,-0.2736473838452297,-0.4798185279918187,-1.404329233284247
,-0.8277340000016314,-0.8599415765883013,-0.11970319744988987,-0.711988878750234,-0.8081071532699144,-1.360049534375476,-0.2482262920988111,-1.9115744035854823
,-0.7943993333360595,-1.2484762286256192,-1.4969997676428513,-0.9502081123015285,-0.8341044408612538,-2.122586696330264,-1.004248564573314,-1.082709790044505
,-0.7610716666710383,-1.0755295499314323,0.1657165698410356,-0.5097320397207172,-1.2591759738831514,-2.3774600979122877,-0.5969709567480717,-1.875554801165402
,-0.7277389999994739,-0.5026895250807542,-0.07657417326496711,-0.6692707212993148,-1.401890056697616,-1.1551706445534966,-0.006331979356944411,0.2931004246878138
,-0.6944146666664892,-1.331342495806459,-1.9169206370067888,-1.6069666455522629,-2.59215998147003,-1.7905253219710466,-0.21895223311815817,0.13746984427953207
,-0.6610770000029333,-1.1216330854925636,-1.224018468021561,-0.253877165270167,-0.7750424986054302,-2.349127281625356,-0.8081702914981062,-1.319562807934761
,-0.627744000002167,-0.7936679627880724,-1.1802693823338395,-0.5015955461627843,-2.1696953832202097,-1.3120987594519105,0.20575788990712843,0.19589340453318152
,-0.5944146666698392,-0.9618269826698032,-0.5280345954980465,-0.8472419693755051,-1.4287946539952452,-1.2836314846437658,-0.8926354206810466,-0.7906237718252103
,-0.5610770000014327,-1.3007001912467513,-2.336501022458052,-0.16126396250910807,-1.4692334072953477,-1.088302338206834,-1.239387763757522,-1.509512653253644
,-0.5277556666663562,-0.9407449399305893,-1.5208415599478113,-1.4740008026046036,-1.524516356627791,-0.9992026707189681,-0.15294387635494625,0.027035626670584623
,-0.4944146666683385,-1.1909346582017177,-1.7746480809421035,-1.600381730107346,-1.955422893836837,-2.2601300256741954,0.5521242396818513,-0.10714945833167568
,-0.46108866667054826,-1.0322125288636101,-2.7463169309913353,-0.3141710952807944,-1.4910058041379883,0.2337777297824098,-0.036058892984198,-1.8395001795697543
,-0.42775566666978193,-1.4860061649306633,-1.348969479590465,-1.9633271869266502,-1.9769237501942956,-0.4597852392418752,-1.4078651674796343,-1.7591661661510605
,-0.39441466666933894,-0.961808992021719,-1.3771378016607123,-0.44490456989037136,-0.34788760578030586,-1.0954983690043132,-1.5014895683855387,-1.003936037409073
,-0.36109366666839077,-0.24652592668591397,-2.6438356544952293,-0.3305846998391191,0.3292608866136434,0.019526486226490346,0.6787398973313067,0.4677375240474238
,-0.3277610000016769,-0.6153312288341884,-1.9068025751583622,-0.44867051808984965,0.6883434609535846,-0.42116473170862395,0.01455028822188429,-1.618243297223764
,-0.29442000000365925,-0.9147797625049199,-2.1997328228266,-1.5869324735109855,0.5346046688569367,0.23419379011237013,-1.4953423691711887,-0.9754693684900515
,-0.26109866666865855,-0.7245820305190972,-2.1430533431628955,-1.3513980550916287,0.66367757774636,0.3126473140089018,0.2633637867787735,-2.092729463394094
,-0.22776633333599725,-0.5780265602080665,-0.9812745584349062,-1.0818729604949353,-0.011069670233808523,-0.13717117279765262,0.028332467011083478,-1.28510346629818
,-0.19443166667042533,-0.5722916490869258,-1.0263398121664185,0.33912816289336006,-0.08313265618565466,-1.673265638218499,0.06123101912035994,-1.0513709699647016
,-0.16110400000055355,-0.6633163599745279,-1.9849501330431607,-0.12733454236551248,0.09535486512473229,0.4295869347845471,-1.430806617987574,-0.9617486663601994
,-0.12776633333457235,-0.5994115086482554,-1.760670661018326,-0.6866010767697702,0.3167684142460805,0.3026943147277139,-0.05058270881256377,-1.7180773342626674
,-0.09443166666900045,-0.83725174318025,-1.7116971104003271,-0.29527592671972197,-0.7279906215438886,-1.770969537015249,0.21791856563743656,-0.7354958290397499
,-0.061104000003903515,-0.7681605576702965,-0.2163113938667286,0.14962857167326857,-0.7574256608541174,-1.5357845064890048,-1.0149107914376794,-1.2341595650475166
,-0.027766333333147486,-0.9354018326567491,-1.0076182000201839,-0.16888814093368584,-0.17976086066941935,-1.908180022881932,-1.2970195039111898,-1.0509442675240837
,0.005557999999912984,-0.7934756302535932,-0.728512482462806,-0.3118297457249182,-0.3828124161276706,-0.3530226355045672,-0.9310839261611932,-2.0535925755404048
,0.03889066666427728,-0.960535459830495,-1.0330464359711213,0.388702208280942,-1.4415011696743123,-0.558249021725498,-0.9804059110502648,-2.138712428842716
,0.07222866666431098,-0.8510694595480315,-1.8155964881010742,0.22848305083811904,-0.6371784256612463,-0.30443178249401864,-0.3883201713614637,-2.189372940508506
,0.10555133333006476,-0.6320428621267186,-0.5508255628251542,0.43590736082428405,-2.320795900059574,-0.4987495701319121,-0.663432168166629,-0.19436133240132622
,0.13889066666570216,0.10386924840989335,-0.40855300676052436,0.3212746481933108,-0.0997299899785337,-0.07818380282055935,-0.07214425836782717,0.9605519001934939
,0.1722186666623505,-0.8403146668398577,-1.3959447608329658,-0.45341039878769973,-1.8516873314015918,0.13825012998813901,-0.8310600554375783,-0.6480355845674486
,0.20555133333148964,-1.0385305146733048,-0.6164787638520568,0.13055500851801555,-1.0322790069718164,-0.9274312714492676,-1.595644353788733,-2.1899047004959704
,0.2388906666647017,-0.6555091445859803,-2.5230393451332733,0.1918599593522176,-0.27580044791263203,-0.9186816496063279,-0.4462710434691537,0.038877659253287615
,0.27221866666377537,-0.6573617341724479,-0.9501308354388556,-0.6743643114776449,-0.7523973016981785,0.23633169974737098,-0.5328987287123772,-1.2707109274550021
,0.3055513333280639,-0.14529508584978781,-0.4554845956411368,1.450312807532007,-0.49744385930821794,-0.26328471448412755,-0.011815071378494408,-1.0940550818187573
,0.33888066666516653,-1.1541935030870787,-3.042006202524416,-0.48997938839528915,-1.0043620668179736,-1.181147923698451,0.7478316942362089,-1.9554971313225515
,0.37221366666593286,-0.7400450571652054,-2.4234155405458013,0.16603839765608505,-0.9217706054802691,-0.263425539322039,-0.11344527037587505,-0.8842517849233333
,0.40555133333191407,-0.97631158544487,-2.84961606926928,-0.569195734383313,-0.18138480083091305,-1.6119931435181936,0.3661626341885439,-1.0118423988560639
,0.4388756666624734,-1.0162217017793176,-2.5814488562679356,-0.5963101334910046,-1.654782311493894,1.0385930762786886,-0.3597619061406872,-1.9436200795610723
,0.47220833332918727,-0.9936831518487687,-2.527680156775468,0.22331289312787758,-0.9595750754688351,0.5598912543339023,-1.7277582782376095,-1.5302895480724792
,0.505546333331722,-0.8070935631846071,-2.937114240644834,-0.2660254271123228,0.10691984781569938,-0.29032272167551687,0.5550329390579023,-2.0110517765485705
,0.5388703333306543,-0.7824154877641835,-2.647878807640446,1.140863962066911,-1.2449002076542368,0.5013327491203355,-1.4145169079062703,-1.0293937145713936
,0.572202999997368,-0.6264731635464225,-0.8499807141711404,-0.3579074277107651,-1.7765861474305773,0.8630693414219632,-1.3027548665374418,-0.3346791668505727
,0.6055409999974776,-0.40417886817037,-1.407882570630114,0.22361619067090283,-0.32137857023687594,1.5765721326807192,-1.948610757424506,-0.5473896340823464
,0.6388703333321549,-0.5249146704377381,-2.2381031063519923,0.685877200128662,-0.5244313100792942,0.8142654026668544,-1.761758617412788,-0.12533759157787053
,0.6722029999964434,-1.0139358907025668,-2.9824628709964722,-0.13956176262084638,-1.7225042279660825,0.6582480595850563,-0.6120144885723084,-1.2853200536447473
,0.705535999999635,-0.9577922878172976,-3.019945398342537,-0.22839708126422545,-1.7794606382091351,0.43244816329271746,-0.3919705077764824,-0.7594282646041222
,0.7388653333318871,-0.5204885034583523,-2.7406261985626332,0.8367806824592028,-1.979373330972912,0.6569038573087699,0.26396103262523446,-0.16057706360777596
,0.7722029999978682,-0.7334736143082828,-2.1628974632104465,1.618557489429194,-2.402262831755628,0.9516697317271565,-1.287886075474621,-1.1180225365653524
,0.8055189999971238,-0.6509038020170801,-2.53655194497776,2.0540564215656913,-2.112892335024984,1.489847220952298,-0.6651722191389852,-2.1347099554787405
,0.8388653333308866,-0.5258725420546094,-2.887422180480189,1.4352938674475586,-1.580698639242075,0.3654198374242773,-1.6757281780188575,1.1879000405416285
,0.8722029999992932,-0.2846012194972877,-0.8811064036130033,1.0598121263686118,-1.8627120406837752,1.18521430524679,-0.04406469107721449,-1.1647506132251355
,0.9055189999985487,-0.2954576085785421,-3.6231973325723943,1.674232367243268,-0.9742325767289047,0.7447343006350052,-0.49534075775064135,0.9010583477024147
,0.9388599999965663,-0.5073228314602352,-1.67489523696678,0.23927612741296383,-1.456073825221471,0.9799257453448964,-1.1031858230234564,-0.028983976307564007
,0.9721929999973327,-0.47690074922009235,-1.8981262356244635,0.8537549375678637,-2.444114658529238,2.142670967492197,-1.6623061492506797,0.14671664302376664
,1.0055189999951228,-0.7896799879367898,-3.823311428427368,1.4543207972407695,-1.4862294794658313,-0.21428234290590814,-1.5802710215135767,0.9116935474511754
,1.0388549999962986,-0.1738106621468508,-2.935531282115915,0.20937000847625306,1.0182890696857083,1.1166899963182155,-1.8714356325732646,1.4197538673278984
,1.0721813333330676,0.23645886291665294,-1.9872656063280096,1.0708472444528363,0.48841376484313276,1.8795773718798354,-0.9183518478707696,0.8855322505228922
,1.105518999999049,-0.35509337748941655,-3.7841760481548956,1.5971126425483388,-0.8081233412943601,1.4782281318633852,-0.3182344668070783,-0.2953671830918896
,1.1388599999971423,-0.5404914110661563,-2.357524102679962,1.198730429953007,-0.69538139457539,-0.21264371045357994,-1.5069468171251155,0.3308171284841025
,1.1721759999963222,-0.11503039448422793,-2.759420599944959,2.2395793449409402,0.5539504724527343,0.3539415731731492,-1.0016741719349698,-0.0765589855922626
,1.2055190000005496,-0.19903029246840498,-3.2072561019116774,2.667076920331564,-0.8047965994434475,-0.7507553529555926,0.7560745881544663,0.14547479101425714
,1.2388416666663034,-0.19904964823885626,-2.189557967598401,1.4199563183220578,-0.21665365994401037,1.5476888214762154,-2.578547756746893,0.8228163550578936
,1.2721759999978228,0.451295730180266,-1.5079915804615986,2.250773767545619,0.0792431151289907,1.1561087769060716,-0.6924539565353753,1.4220942584978882
,1.3055139999978564,0.22612046358444152,-1.9004209826378602,2.45932445626746,0.17631721743796114,-0.349233288983545,-0.2517990986704941,1.2225344780931273
,1.3388313333302904,-0.04729322829194379,-1.9687755099584328,1.8537695202319906,0.39977960925381195,0.09975949134673583,-0.3211279914022769,-0.34716448922349147
,1.3721759999992476,-0.2649266642806474,-1.6569693129116305,1.1829973012590511,-0.2789959999252619,-1.3860140090867372,-0.2517322373212237,0.8011542723019177
,1.405513999996856,-0.5266262581492477,-3.020050226341878,2.599676903532296,-0.8731836259156665,0.6185969985689006,-2.3699486579215483,-0.11484894081758973
,1.4388313333317153,0.1335843849454302,-0.7662618002940543,3.2657245533055557,-1.0840393588724595,1.6165222135022814,-1.7026132536121759,-0.5278260443565663
,1.4721706666649272,-0.19348510490844686,-1.4851423723354735,2.031447015802043,-1.086492116274594,-0.7116438069775982,-0.851226529259313,0.9421471795942543
,1.5055089999965883,-0.3359085906256419,-2.8872849726107574,1.5773371225738195,-1.3141865674082962,-0.6035516538855804,0.02766835981545143,1.1845661677615116
,1.5388313333282895,-1.1095649139278914,-2.6751879271775016,1.0971371746737795,-0.8624684557576497,-0.945969283422253,-1.8950001722068066,-1.375900819676916
,1.5721706666663522,-0.20004280040876798,-0.803362502976146,1.4395343536287657,-0.04573210090460768,-0.38903158902125917,-1.072583549658545,-0.3290814135208158
,1.6054936666662343,0.006125722073986484,-1.9105803852376406,1.8082596429520046,-0.17834977943548835,-0.213258203606524,-0.20871701762284245,0.7394000753944098
,1.6388313333322155,-0.4209162257693666,-0.38429062996611785,0.2530597075441339,-0.8500830013125419,-2.5895030194141873,-0.5794867549796093,1.6248063435121227
,1.6721656666613096,-0.06355512141384752,-1.7326552287609966,1.9383177193321204,-0.37705309684470373,-1.1230676524958074,0.06088604388148281,0.8522414864048193
,1.7054936666628084,-0.43364426543276574,-1.2182307349683126,2.128611845269091,0.09999283138945385,-2.2859856985987053,-1.2723121591532434,-0.05394167653487847
,1.7388260000003963,-0.7719311855038056,-2.1578098650429824,2.2033626771197325,-2.1668117316330355,-2.0817962800444527,0.06756362759312273,-0.4960955410152182
,1.7721556666642755,-0.6448415836094495,-1.834896820998865,1.986289460308343,-0.5153190847903488,-2.0710303547869566,-1.1586139890524754,-0.27547871233639404
,1.805493666664309,-0.38082844529997556,-1.7799555412876984,2.3368783265215374,-0.28706137271608934,-1.2788243890735322,-0.9512503999873002,-0.3247572952567706
,1.8388259999969705,0.06309264429102657,1.091134484922006,2.7195828999952276,-0.2101788945902324,-3.391030121126399,-0.516995011937198,0.6860425084827553
,1.8721506666640078,-0.48163117909858283,-1.1643790400604717,1.9612648242104997,-0.5600212304264636,-1.2878446807126305,-1.3156616855892318,-0.5231452620131996
,1.9054936666633087,-0.3766125304771464,-0.8171715804586427,1.4949001674385314,-1.5404961014632463,0.3741438503997039,-0.9248698656017962,-0.8461816531774281
,1.9388159999998607,-0.5747829404612824,-0.9651838349568966,1.8295942095557143,-1.031451366648523,-3.683370045983916,0.5706585419434748,-0.16894514667754834
,1.9721506666654325,-0.45110019484229075,0.7500228896099067,1.4285424933267103,-0.31511784819471494,-2.4702160763011465,-1.0378932600128667,-1.0619393674816333
,2.0054936666647336,-0.16067209013682715,0.8560306383284708,1.2635031090786655,-0.5577845085755226,-1.2388615277517512,-0.22498088441919203,-1.0619393674816333
,2.0388109999971675,-0.16808916907255056,1.2265996175276066,2.9692266617422356,-1.5881072475195976,-2.6572034464207706,-0.5111000833303823,-0.4479505164343952
,2.0721453333311124,0.009100510041507174,0.006413673275489457,3.3108821087992553,-1.0304945361931175,-1.5317007058584666,0.48364486340133106,-1.1841423431754485
,2.1054936666662343,-0.16521112152554138,0.5517800614402814,0.7781306125870692,-0.5107659642384254,-0.27912156533779536,-1.9744198892412492,0.4431300156368712
,2.1388109999985923,0.02599439135885336,0.5179521415132924,2.4546577675215047,-0.4736571294127535,-0.29842128555180913,-1.570061649293129,-0.47450349662398517
,2.172139999996792,-0.24402655155566902,0.029776640291930095,2.2659857248959474,-0.9379703778125524,-1.5399528750728892,0.034093672915085395,-1.3160920945515355
,2.2054869999963103,-0.4189514193970974,-0.7579256307599983,2.2897259767971074,-1.7414191373769532,-0.5707765606898749,-0.7783658480230947,-0.9549473163297709
,2.2387989999954243,-0.0558385500215367,-0.007053786787863707,1.364682786537818,-2.5542980068409658,0.6624150770683067,0.44967036750817563,-0.25044773761469097
,2.2721399999982927,-0.10068530039489111,-0.5091819533167036,1.1109425316320778,-1.8711864970453294,0.006350606503726709,0.9268892886925141,-0.2679257788356322
,2.3054769999992764,-0.012211224987892363,0.6022512235611799,1.3940282549242402,-2.011207614990638,0.20188003425152573,0.5829119223050762,-0.843131169978738
,2.338798999996925,-0.25618380100098487,1.0026049695420323,1.9809085829528326,-1.3077419581553316,-0.27707965305572574,-2.203556280406347,-0.7322384668833699
,2.372139999997368,-0.15703467816044184,1.0720490816660415,1.5192909610341434,-1.5369533240612527,-1.3440348443505266,-0.4363549599263199,-0.2162049833247367
,2.4054769999958503,-0.35267063440576335,1.014093641203376,0.23589958932507024,-0.44379001900013737,-1.0893662658416594,-1.4496448774251995,-0.3832158746960302
,2.4387936666674555,0.005123821822372587,0.5799521825403643,2.231562676696992,-1.3435942581790665,-0.024681570281714554,-0.7914687448315365,-0.6210273550108032
,2.4721333333322946,-0.6083388264751953,0.6518200810655665,0.8845835738781317,-1.7578519486068795,-1.3444252958129737,-2.234384981093937,0.15022561171892013
,2.505466666664688,-0.030057126792138972,1.2326410400482657,1.5369940274240108,-1.391628314528963,0.14276279538245754,-2.3310366292920905,0.6299243202134854
,2.5387936666640294,0.10181204595793077,1.1414931937899397,1.3944200559172828,-1.2988092590695046,-0.3941454696811802,-0.3575324887382886,0.12544624352933514
,2.572116666663836,0.43015309532165324,1.6991413607815025,2.6583831518032635,-0.7286295673886274,-0.29555366679346595,-1.481827635778972,0.7294049293062191
,2.605455999997048,-0.22640582660206507,0.11542013011707827,1.4484773178217794,-1.5260304638384297,-0.3056602953463852,-0.45409143230236615,-0.6365502160640671
,2.6387936666654546,0.24759669649571237,1.508494360015208,0.2353317846193527,-1.0030540190275699,1.925205082232758,-1.1461751994368832,-0.034221829428591394
,2.6721166666652607,-0.26272690738614624,-0.30199509093665083,2.9255393535557173,-1.0209482400957268,-0.5390978677002025,-2.0336579576687326,-0.6062016414712819
,2.7054506666651528,-0.3135261904646222,-0.09630819167014369,0.5306351831301053,-0.09279498966068055,-0.7046987778388898,0.3756410378639897,-1.893631404612114
,2.738783666663494,-0.07648857262830572,1.7073324950713322,0.5539931790750624,-0.27659076356584666,-1.1860890043362489,-0.7449369114123546,-0.5126404306017787
,2.7721113333285907,-0.058580650629420104,0.9624770050907246,0.9369792732646498,0.14092116043232847,-0.2561988844411087,-1.92592157752415,-0.2097408805989648
,2.8054506666666534,0.02456038526351016,1.6016934699988576,1.1272662450461914,-1.2459255544444456,1.200437088534087,-1.0556297323888135,-1.4804792051648161
,2.8387836666650705,-0.35667915014474233,0.8316517799360849,-0.41777108070904895,-0.6109016136933428,-0.7066254741505611,-1.0265410826707968,-0.20988742958078924
,2.872111333332517,-0.21334183729219328,1.7180575174047852,0.9635578783568715,-0.4472166102042396,-0.9122743109516251,-0.4729296917398921,-2.1292458066190596
,2.9054506666633038,-0.15472974961851768,-0.36610698809865416,0.263601197572951,-0.42449572839269356,-0.2862133361109398,-1.2012173721670318,1.0860537294852626
,2.93876833332979,0.2091030160768839,0.9705400041839922,0.9121629659306654,-0.11045735621524871,0.21155777410719045,-1.1120928241345136,0.3829075325892177
,2.972106000000622,-0.11802838999428156,1.4508828885822764,2.0480199248808217,0.15315524506896042,-0.12220625487307472,-1.8018392944530954,-2.4361828491715776
,3.0054406666637683,-0.6616884785636895,-0.5678442497274876,-0.07072760214113748,-0.6896695963352553,0.04451025015563846,-1.1890156783738484,-1.4973839949600467
,3.0387683333312148,-0.3873301198252493,1.1521614227437316,0.6927235430285335,0.032282890754394604,0.44460307044427816,-2.431245909278292,-2.2145057366441416
,3.0721059999971962,-0.11606859161641374,1.1610769033078565,0.06646788289158588,-0.8047299339944463,-1.1596252285089674,-0.06657913021903623,0.10697795682452516
,3.105440666662768,-0.3456664486567313,1.5292686833060671,0.6078230221420696,-1.9161398618429966,-2.166959361989611,-0.16814246787146916,0.040151294315552644
,3.1387683333302143,-0.7981067651898014,1.0213658847417515,0.6955152628576002,-1.0871492423831295,-2.039708289587763,-2.9118887395521873,-0.46677546721508006
,3.172105999998621,-0.4073097804229362,0.14806381622661893,1.5986199781806751,-2.628431199841562,-1.3653060644275907,-0.28761701865704165,0.09081180598128305
,3.205425333332338,-0.6614237390395258,1.1335999845573093,0.14329385508032907,-1.943160645338517,-0.7775135589589156,-1.2700007056193308,-1.2547613639580304
,3.2387629999983196,-0.8725334933273089,0.4234951042848696,0.4733235993330144,-2.8712583908393494,-1.4128874310604587,-1.3467123073212108,-0.5011615343607192
,3.272100999995928,-0.6152605967733578,0.6238628896072544,2.0214076070433182,-3.359206184004133,-0.7205168835287389,-2.5075973609561695,0.2504863511983226
,3.3054253333289885,-0.22480285046932202,0.7681118824633589,0.4879902176310333,-1.6797914281447346,-0.8469934432557387,0.2530358666521645,-0.3311701981620153
,3.3387629999997444,-1.0483764072487973,2.3143671719167718,0.1383728930348008,-3.378679185492692,-1.8635124535930216,-2.0067470387933417,-1.4940598305653012
,3.3720909999989694,-0.7820025115927516,0.7956199357858666,0.022392149291945617,-3.216840510963312,0.7260106602726024,-2.0144078616502137,-1.0047894422933985
,3.405425333330413,-0.6624351154922524,2.70327010187052,-0.8149588002517656,-3.0187384531333,-0.9731435497555364,-1.7447789568566114,-0.1262610348268203
,3.43876299999647,0.4235716831008567,2.51606422630072,0.08718391849123458,-3.957950107170205,0.9926439518479759,1.51312111784602,1.3903669912893948
,3.4720843333290454,-0.6413965720687296,0.42482437334643286,-0.22353022109700924,-3.073194946526617,-0.8556342393783261,-0.8865140647559241,0.7656696659990667
,3.505419999998594,-1.0649254973284545,0.9030137469457662,-0.39393854678236295,-3.4835887983184777,-1.8328643140863805,-1.5188400474582924,-0.06333502427098024
,3.5387513333321294,-0.6152230819662081,0.6230138932534559,-0.2688324584394643,-2.314287801981239,-0.727807087124867,-1.0373735440125238,0.03394850650738908
,3.5720843333304706,-0.5671164245318528,1.633689988378598,0.771820063702668,-3.851812123403832,-0.48346915492606873,-1.1851130713512954,-0.2878142495911872
,3.6054199999975935,-0.18959901010466765,2.0894367331321906,-0.8409971439266333,-2.6575241826254095,-0.3556228079887436,-0.38859828525112006,1.0157116260317098
,3.6387463333318615,-0.17885168630492468,2.162628968182596,0.3153725994940294,-1.1513818941480747,-0.677057257374094,-2.3904601069822595,0.6677875729982542
,3.6720843333318953,-0.19574827548671245,2.403480340584606,0.26755508540344913,-3.5371074568424152,-2.5356551389644015,0.03555560999783488,2.1916819069006523
,3.705414999999751,-0.6993616908424398,0.6270453928000898,-1.095843388435019,-1.5943024884968116,-2.331576370684657,0.042711891639638566,0.15579481812212048
,3.738740999997541,-0.5243480194007157,0.9668384684578635,-1.2316200412853757,-0.4282252005669582,-0.6487326558916173,-1.689999723235267,-0.1143489638829399
,3.772078999997575,0.008831763532783645,0.9917829465839775,-0.1486258511871487,-2.435234656815819,0.5053845506333146,1.161894765182504,-0.022211173200126545
,3.805414999996325,-0.774084436121171,1.014536058276846,-0.8818090105968879,-2.438373519510294,-0.28636694144907016,-2.0059643836841947,-0.046528819763424184
,3.8387359999972737,-0.42988782660118224,0.8627824019143074,0.3695496867125108,-1.2160322798767635,-1.0202576383235444,-1.375085163279401,-0.20028396675420246
,3.8720789999990757,-0.3760143380745702,1.353690134686288,-0.3056975914346498,-1.0351990190865843,-0.8130789947903776,-0.03941594073168916,-1.4163846170904084
,3.905408333331328,-0.7748388213832501,1.1509602888786195,-1.5625964706201088,-2.406112333253275,-0.7850533891797065,-0.3941482386190587,-0.652082785505971
,3.9387359999963487,-0.7268826635297034,0.25316197618183217,-0.5776188262919549,-3.015621762648483,-1.087349986360704,-0.1952022842263028,0.2613349021673923
,3.9720789999957256,-0.6212326801081708,0.2730847221931233,-0.2121918054699029,-2.065542753322969,-0.2960849430938246,-0.5614828372152759,-0.865178463740176
,4.0053913333288165,-0.7518799749537745,2.574440251252832,-0.8900772653868637,-1.6474537416613053,-0.6770636476242669,-1.884286258774073,-1.9868391875289702
,4.038730666666955,-0.8640576151446339,1.0714537747795427,-1.2300541363727957,-3.0907229466193846,-0.5895514187871771,-1.292385928343635,-0.05308503552435375
,4.07207899999715,-0.8824939007374911,1.393873445098067,-0.2420118118380064,-2.6435872962994713,0.018251321334861154,-1.7644925760317454,-2.056996486688652
,4.105391333332743,-1.2534752942697809,0.5673608250578112,-1.448010391351082,-1.6680461039284198,-0.6768332156835971,-2.27133053142836,-2.0239923482850384
,4.1387306666635295,-0.019241795429898272,0.5993224098358111,0.14660435537170907,-2.068235718192012,0.30171360394547386,-0.6124628369393763,1.517607413399005
,4.17206900000004,-0.44564222127553316,1.5441353068286394,-0.3384107416985499,-1.7532131670200415,-0.3824065989261056,-0.9163595262937113,-0.8275986005434304
,4.205391333331742,-0.48644484607930155,0.3227030889302766,-0.10893191003769345,-0.6045295127211545,-1.2821670511811432,-1.2894772289676835,0.04373353750158864
,4.238725666665687,-0.6298093262359992,0.5805591430254461,0.7867600453738428,-2.2205130929836097,-0.30338156087359985,-0.6626343382795613,-1.9596461536785128
,4.27205899999808,-0.5219498313023638,0.9274715724086773,0.4210718929689238,-1.874426393476822,-0.48926978964570955,-1.642469475885529,-0.4740767941837239
,4.305391333330742,-0.5682778909265621,0.1820469775771717,1.1716282626357,-1.6384968781265832,-0.4114417148479317,-0.8972279781842356,-1.816176014613494
,4.338725666662261,-0.5878066437216515,1.3362299349018298,0.4658134797610904,-2.662319502883705,0.428964676347322,-1.5802300034463788,-1.5152984470100672
,4.372058999997155,0.17367041205992859,1.6354112882834166,2.5559814380030845,-2.7474623940593865,0.6337237845031395,-2.0248953477531133,0.9892637033824301
,4.405385999998846,0.3364317022858248,2.9709710473733275,0.8056896155066205,-1.6677230429880643,-0.1974017085489428,-0.4394187189989796,0.5464730213709875
,4.438715666665151,0.2686248655530294,3.09223217681463,0.810537385600206,-1.5492511177650499,-0.8428328399561352,0.48974037604726295,-0.3886767874227379
,4.472058999998656,0.6144570476112271,2.5508949365858817,1.3268461119257662,-1.192003350274814,0.6724768781363726,-0.36428760229609636,0.6928153115902521
,4.505385999995497,0.7041584124825807,2.934128966694895,2.1242852465192765,-0.44361751254602844,-0.17769870850518762,-1.7066344085482434,1.494486891280772
,4.538715666664302,0.6659715629535364,1.9534709426541583,1.210779255614256,0.8966355679935898,-0.00292387745579768,-0.6373555909601081,0.5752230798751201
,4.572048333333441,0.13304507181593303,1.0154500164919964,1.4453669889516128,-0.3214422793040409,0.5063254970134606,-1.2500865024050805,-0.59734328985235
,4.605385999999423,0.7451998103841934,2.180849922456399,1.9801178268115094,1.4724172249637468,0.25134142122332803,-0.4931478521300945,-0.9203796810197279
,4.638705333330715,1.119865144707804,2.6131783542329683,2.867391364953724,1.9306584383331198,0.5839340958163785,-1.277409257868619,0.0014378727792533448
,4.6720429999966955,1.2154096842494988,3.45351695180344,0.8676678880497144,2.533344692600906,-0.19885471261198043,0.9969901680320745,-0.36020688237716103
,4.705375999995037,1.3142718344722575,3.2633537088619695,1.876315279080536,2.1041671212365705,0.6228152098535763,-0.025355648052783872,0.04433533585367749
,4.738705333332139,0.531964707833735,1.6241244452461268,2.061390223064004,1.38511129713491,0.4173026321946599,-2.1180152074439493,-0.1781251431933412
,4.772042999998121,1.3012539253950932,3.566029495702709,2.1077123374404496,1.3198956507593804,0.5251003551107629,-0.6315275237024633,0.9203132370597215
,4.805364333330696,1.0432459067239195,1.698945912113109,1.9096565053854795,2.536004324745392,1.0623606583355147,-0.15736169308951475,-0.7901302671464645
,4.838705333331139,0.9390995579932907,3.2282177893727693,1.6307847096845758,2.262913277196848,0.23086393243845238,-0.9128794243533216,-0.8053029363795794
,4.87204299999712,0.9981083409403322,4.638599015329663,1.8361001665874053,-0.007387719102263122,0.9728769535689756,-1.1406100712880922,-0.3109282994536943
,4.905358999996376,0.5039238132549057,3.5112318038164676,0.10402303678778828,0.3940576146412624,0.14192428447236397,-1.8583023861988452,0.7306085260103968
,4.938699999999244,1.3743993118869573,3.7842829978354136,1.5275980062043568,2.712918241965517,0.414531034722849,0.48038052028523254,-0.673314929691624
,4.972027999998318,0.7037397115297802,2.42849471310832,0.9470339935214489,1.0865782390440888,1.607751548487719,-1.9180601706236902,0.07063994564079507
